SubID,mean_SNR50,sd_SNR50,mean_SNR80,sd_SNR80,slope,slope_dB,noise_type,SRT_calculation,,,,,
1024,10.70588235,3.235828833,20.85714286,4.140393356,2.955298013,1.477649007,ISTS,reversal_mean,,,,2.955298013,0.291126212
1024,10.70588235,2.114376559,18.85714286,6.618876325,3.680412371,1.840206186,SPSHN,reversal_mean,,,,3.680412371,0.451514507
1027,2,2,7.428571429,2.225394561,5.526315789,1.840206186,ISTS,reversal_mean,,,,5.526315789,1.01800554
1027,2,1.414213562,4,2.309401077,15,7.5,SPSHN,reversal_mean,,,,15,7.5
